,ID,lyric_feature
0,1073748245,6.823672486298127
1,1073751978,5.392184965042551
2,1073835561,6.364384036837183
3,1073856553,5.555291686776725
4,1073929630,6.432250564483906
5,1073929880,7.231975309537795
6,1073949310,6.223658710601299
8,1073994298,6.131528428477795
9,1073994300,5.619035303666289
10,1074011942,4.92663762940926
11,1074239565,6.415380007322631
12,1074245455,5.088319720005189
13,1074245511,6.006137577307461
14,1074247432,5.457830896878757
21,1074613568,6.072631351768861
22,1074613570,7.2044385512396865
23,1074613571,7.794222235915169
24,1074613574,4.0065846933679055
25,1074626400,6.4617857185694865
27,1074627318,7.343379855288959
29,1075039455,4.129192268820665
33,1075196600,6.354166223404491
38,1075349076,6.27331868485512
39,1075454346,5.916317856061465
40,1075467188,5.858377191554451
42,1075783976,6.598745762633099
43,1075783979,5.802963963059241
287,1075833606,5.842020704293933
288,1075833607,4.492318685507282
291,1075834188,4.528424758376955
303,1075835121,4.4823627387877885
430,1075876969,6.831853736224405
443,1076085594,4.0131700980888425
464,1076093806,4.007930179721793
512,1076118757,6.595290553567941
518,1076217126,4.724047792056721
581,1076257290,4.146228351689754
585,1076275985,6.9464814621397215
644,1076305168,4.476222694716881
716,1076332364,4.328710671628321
734,1076332759,3.4435718449103367
736,1076332790,3.7487801135136998
738,1076332792,5.196569294686299
755,1076339955,6.572298213282918
756,1076340388,4.793975156250112
765,1076340532,4.975181050075221
773,1076340564,5.568160503907954
777,1076340715,4.629349702456248
788,1076341287,4.478076778776126
815,1076342247,5.324037571568628
830,1076343202,7.539924751819473
867,1076346535,5.458254105598286
868,1076346544,5.95589871684331
869,1076346545,5.545633571122516
870,1076346546,5.7054896927961405
872,1076346581,7.194258001087004
873,1076346582,5.904208716935127
931,1076347879,4.7660484916281405
933,1076347980,4.935946901877757
939,1076349000,4.429732264320723
952,1076350102,6.7829335925655645
962,1076351764,6.072616636460599
985,1076354757,5.945491971025515
1031,1076355609,5.453250638703298
1032,1076355611,4.588152493488451
1098,1076360015,5.1801218338751855
1101,1076360198,5.56006847806939
1154,1076364522,6.792861946666686
1159,1076365062,4.448788986704321
1210,1076374049,5.289250720446997
1221,1076375887,4.3319891348204145
1222,1076375904,5.381994480779318
1242,1076376783,5.392314750641557
1249,1076377294,4.949912896046477
1289,1076380080,4.88196937870893
1388,1076386448,4.175262506670242
1390,1076386547,5.280637800405046
1520,1076393561,5.447774875595708
1521,1076393562,6.081320822116743
1522,1076393563,6.61221364670889
1529,1076394356,5.844529291335098
1562,1076402247,5.100036538548545
1655,1076405445,7.079208680222022
1713,1076409667,6.7044042444434515
1716,1076409809,4.819770964160844
1736,1076410405,7.196987399142316
1789,1076414041,5.360192137266926
1804,1076416977,5.132970010043454
1806,1076416979,5.47036177215578
1851,1076418130,7.235283184800948
1940,1076420203,4.6059042624474245
1966,1076423154,5.2880952364176155
1967,1076423155,4.357715096178091
1968,1076423157,5.099785733859864
1999,1076430618,4.7767722578681475
2026,1076431627,5.3260721288962145
2035,1076432047,5.284102407824666
2036,1076432048,4.370402891534455
2119,1076437591,5.150284676372221
2127,1076437736,6.747879516572816
2149,1076438832,6.189272670309197
2164,1076439238,3.8949243943849874
2165,1076439255,4.3225996610252775
2166,1076439256,3.816818798707086
2169,1076439261,6.471338957121222
2213,1076441808,5.301770607228949
2243,1076443216,4.575250217607794
2387,1076448747,5.127718715991275
2445,1076458400,4.559526165854386
2447,1076458410,5.932905859249173
2464,1076458624,6.100205353555085
2478,1076458812,5.633103348921296
2492,1076459373,6.157897745753623
2512,1076460224,4.684329611566996
2599,1076463819,5.208885669756679
2614,1076463934,5.050433145701736
2628,1076463968,6.679775535332624
2632,1076464152,5.349294224970354
2649,1078002453,4.152695249760111
2680,1078005513,4.4520131229823985
2723,1078008610,5.927745265913675
2725,1078008614,5.305961552311137
2730,1078008687,6.535606542030662
2801,1078010094,6.849033083939748
2802,1078010096,6.89987899818101
2829,1078010456,6.4835594551842055
2830,1078011580,4.209370178234559
2854,1078013659,7.335649370784515
2855,1078013669,7.551236304546357
2856,1078013670,7.098578212174816
2930,1078014829,3.821994118593514
2931,1078014860,3.1699667035419257
2991,1078015648,4.725390529096555
3168,1078021460,4.905585601497323
3175,1078022188,4.939010246744187
3212,1078023915,6.284403994454628
3241,1078025428,3.8895521825003088
3284,1078026738,5.7681175906778215
3477,1078033168,5.781706720775942
3478,1078033176,5.801132764799073
3480,1078033441,4.824368993894609
3521,1078036034,4.9358968559543674
3552,1078038135,5.503411187786614
3595,1078039703,5.0483077386054855
3665,1078040755,6.899974492804558
3682,1078041677,6.802024699053073
3700,1078041707,4.309715927188261
3706,1078041729,4.1001087767643725
3707,1078041860,7.841779480176941
3713,1078041882,4.5686802372909785
3715,1078041917,8.137737466167533
3725,1078042955,7.086267100734151
3729,1078043091,5.905611299981622
3742,1078043232,7.869939261033239
3743,1078043234,6.632219465810703
3744,1078043297,5.241668140982857
3750,1078044595,5.596887400222004
3759,1078044628,6.363288547940613
3770,1078045025,3.610376953932332
3771,1078045040,5.523129454645956
3775,1078045112,5.030190900373532
3785,1078046118,6.032113177998067
3787,1078046155,7.551269914902347
3814,1078046711,7.666198624754078
3825,1078046832,5.000723133372805
3893,1078047448,5.406658514616791
3985,1078050401,5.052635620820041
4036,1078050802,5.915204070487323
4042,1078053445,4.357922907280728
4063,1078056363,5.464792217144006
4065,1078056913,4.563412052632475
4066,1078056915,5.285392889778471
4072,1078056968,7.102016815995129
4091,1078057105,4.248098858158015
4104,1078057505,3.9002229839310196
4109,1078057566,4.03490915076335
4113,1078057639,4.857080306624483
4126,1078058099,5.875789652119945
4141,1078058409,5.917156623322246
4142,1078058410,5.9515489795030385
4143,1078058411,6.814356469893578
4155,1078059810,6.3571831149490405
4175,1078060189,4.936921771176692
4232,1078063456,5.9389199928018
4233,1078063459,5.610689061862808
4239,1078063538,6.789676065868488
4240,1078063607,4.713036461306541
4241,1078063636,4.390729224449989
4248,1078063805,5.429189931378791
4250,1078064156,5.774545896046501
4328,1078065384,6.528556307864866
4334,1078066094,3.341193042108203
4378,1078070099,5.083891923803898
4442,1078071277,6.067395182140404
4444,1078071781,3.6601960847865094
4453,1078073832,4.899901204189856
4454,1078073859,6.098379623370203
4471,1078076078,6.567318069764928
4472,1078076108,6.455548508051818
4562,1078078008,6.56190589616176
4572,1078078111,6.313930241764019
4692,1078084478,5.108585682098083
4707,1078085908,6.066555915346574
4727,1078086145,4.421424670196481
4744,1078086998,4.39361856897723
4751,1078088710,6.817543530223584
4764,1078088755,6.202077393422126
4833,1078090950,6.029852010655228
4843,1078091878,4.1069620528895765
4867,1078092918,4.5890621798263815
4868,1078092986,6.785951774352306
4871,1078094199,3.946197181699266
4874,1078094535,3.7440463826852612
4883,1078095172,5.230616148536423
4924,1078096181,5.268357456755352
4940,1078097152,4.945023966688343
4947,1078097976,4.892877742498682
4954,1078099796,5.526957992069944
4965,1078100247,4.853018113044115
4978,1078102055,5.779702051247553
4989,1078103114,5.0872333380796615
4997,1078103216,5.9593922334393445
4998,1078103236,5.194517748362852
5034,1078104381,5.790959196924354
5042,1078104398,6.100350434229288
5086,1078107061,5.503032343060318
5087,1078107083,4.82369483539701
5091,1078107395,5.392902360391908
5172,1078114315,3.3978259658588597
5182,1078114341,4.700282886751358
5237,1078117285,3.764401510334104
5256,1078117496,4.971961867205873
5280,1078118904,5.721060836635318
5282,1078119062,5.001877880539498
5330,1078121113,4.295658242440043
5365,1078123696,6.943485356103013
5411,1078124841,4.779897225782557
5472,1078127471,5.882298323486279
5480,1078130591,3.7491758422109225
5487,1078130678,5.8763996648428884
5517,1078131796,6.199778214892641
5582,1078134037,4.411053186335202
5594,1078135971,4.525659300859239
5680,1078138546,6.185280435681996
5705,1078138701,5.98741031786151
5712,1078139469,4.670422306508232
5713,1078139612,6.998526656878624
5716,1078139642,8.19420867083012
5717,1078139643,6.10007626255161
5718,1078139644,6.645143433837556
5730,1078139874,6.112486512187422
5731,1078139888,6.20003312395609
5733,1078139907,5.665909132628625
5791,1078141274,4.912964778577522
5830,1078142882,4.95257116994304
5853,1078143191,6.899782206763482
5854,1078143192,5.2807530560987725
5855,1078143193,6.77757297381561
5856,1078143194,5.445037575627834
5885,1078143741,5.334748919215362
5906,1078144848,6.021556027507967
5909,1078144860,4.391618509561281
5910,1078144861,5.310827922795882
5937,1078145052,4.483584270249327
5938,1078145053,5.1877918652198645
5969,1078146095,4.303824581596985
5984,1078147869,4.718163540934309
5985,1078147908,6.319064946514461
5997,1078148420,6.670542772870197
5998,1078148423,4.6159118839225854
6012,1078149646,7.10416012003251
6013,1078149647,6.291440468037585
6018,1078149724,6.6325334595287355
6037,1078150647,5.138314971675688
6039,1078150675,5.006428239038637
6041,1078151449,6.9000810910891595
6042,1078151465,3.421265885307866
6043,1078151494,7.502585174333283
6045,1078151497,5.604142332182187
6046,1078151498,5.992485299644413
6047,1078151571,5.739291344117143
6048,1078151572,5.239780096161666
6049,1078151573,4.103632740593259
6050,1078151574,5.9891128643430145
6052,1078153051,5.188212015330958
6053,1078153281,7.4273742186801055
6054,1078153282,5.263326462772307
6055,1078153283,6.3737027419541405
6056,1078153286,6.5762070551927625
6057,1078153287,6.508980197202508
6058,1078153289,6.013353645858086
6059,1078153290,6.174441609828388
6063,1078153334,8.000255299687165
6064,1078153335,5.411956329705713
6065,1078153345,5.563124481198529
6066,1078153346,5.342596656825252
6067,1078153347,5.447774875595708
6069,1078153350,5.465669417738918
6071,1078153354,6.578355601452535
6073,1078153356,5.672435546095308
6074,1078153357,6.281622278381803
6075,1078153358,6.899938913296635
6076,1078153359,6.387320816601136
6077,1078153361,6.095174718583031
6078,1078153363,6.962391472446326
6079,1078153367,6.5604479994464775
6080,1078153368,5.0209586035200875
6082,1078153657,4.00968657752213
6083,1078153664,5.002491965371097
6084,1078153699,4.4872874227971815
6085,1078153713,3.887629529019584
6086,1078153794,5.717195054939975
6087,1078153801,4.669677548547114
6088,1078153802,5.082880163484434
6090,1078153810,5.620528951218273
6093,1078153959,3.907459429939657
6094,1078153960,5.18563124385841
6095,1078153961,6.481808691575274
6096,1078154462,4.506618089580889
6097,1078154463,4.765176986857275
6098,1078154464,4.4674476229442295
6099,1078154465,3.456571039094899
6100,1078154466,4.781448396366583
6101,1078154523,6.052665355207546
6102,1078154525,5.375553862819306
6103,1078154536,6.585673445413871
6104,1078154537,6.0358949071092844
6105,1078154538,7.90021244395581
6106,1078154539,7.300152419842325
6107,1078154540,6.702460504222856
6109,1078154543,6.069446311257068
6110,1078154544,5.530338477238233
6111,1078154556,6.671861951072845
6112,1078154557,5.763717009253156
6113,1078154558,6.645143433837556
6114,1078154559,5.845817595995433
6115,1078154560,6.421097929087891
6116,1078154561,5.712691744695125
6117,1078154562,6.4786381707357785
6118,1078154568,7.0212393941934605
6119,1078154569,5.27162557378596
6120,1078154570,7.1003676953974
6121,1078154571,6.578220907172206
6122,1078154572,6.27213736278604
6123,1078154573,5.632703932933591
6124,1078154579,6.798977824730857
6126,1078155025,5.547359511215557
6127,1078155027,6.194320337233181
6128,1078155028,5.125652877482569
6129,1078155029,5.10392996872238
6130,1078155030,7.04698239425095
6131,1078155320,4.607803979659805
6132,1078155373,6.759781509413142
6134,1078155375,5.057171350084615
6135,1078155394,4.717606795375254
6136,1078155396,5.628597827601804
6137,1078155400,3.687245995556128
6138,1078155415,6.871834707595511
6139,1078155416,7.322828559976846
6140,1078155417,6.8669150040659135
6141,1078155420,5.754418522134842
6142,1078155421,4.8511034263183745
6143,1078155423,5.395992766969819
6144,1078155424,5.848000155565039
6145,1078155444,4.193471806420003
6146,1078155453,4.7753457863475095
6147,1078155462,5.310335507056092
6148,1078155463,5.263360299419428
6149,1078155464,7.1003676953974
6150,1078155465,5.422179944467186
6151,1078155466,6.882891351100863
6152,1078155468,6.081632269181536
6153,1078155469,6.690303373277237
6154,1078155470,7.372675938298739
6155,1078155476,6.052665355207546
6156,1078155495,5.680005948748802
6157,1078155497,6.521910569494908
6158,1078155498,5.675625864329583
6160,1078155502,6.2138068398198545
6161,1078155503,6.531370945987559
6162,1078155504,6.33375703709023
6163,1078155525,6.235548044330761
6164,1078155526,6.173472365274039
6165,1078155527,5.421465016696423
6166,1078155528,6.899789930047767
6168,1078156348,4.395756047791693
6169,1078156359,6.236854270705544
6170,1078156433,4.717800116654382
6171,1078157682,4.006660564712812
6172,1078157694,3.8805146599929308
6175,1078157698,4.897523341528546
6176,1078157702,5.86792390323499
6177,1078157718,6.988351400227711
6178,1078158060,5.6152720487522405
6180,1078158066,6.0828655560191605
6181,1078158067,6.081320822116743
6182,1078158068,6.950356120844882
6183,1078158069,5.995411353523709
6184,1078158070,7.237324960464114
6185,1078158071,7.495748864417756
6186,1078158072,5.794305494105883
6187,1078158073,6.357555161988302
6188,1078158074,6.742867463451395
6189,1078158075,5.832881558162212
6190,1078158105,5.799514301088679
6191,1078158113,6.02874847221217
6192,1078158130,7.099876901055065
6193,1078158131,8.06665147506408
6194,1078158132,7.099983294107421
6195,1078158134,6.838348234490984
6196,1078158135,7.469738538914938
6197,1078158136,7.170132305483942
6198,1078158137,6.269305800073193
6199,1078158139,5.523516682102169
6201,1078158151,6.823939019774734
6202,1078158152,5.963468573351973
6205,1078158207,6.528441395722871
6206,1078158208,5.728388452938033
6207,1078158210,6.073369164990011
6209,1078158750,5.157357907345645
6211,1078159111,4.834939440480509
6212,1078159128,4.43375247084341
6213,1078159214,3.9988354335813807
6216,1078159240,6.501842033112443
6217,1078159241,6.17226844503239
6218,1078159242,6.063670988174647
6219,1078159535,6.094773638263771
6220,1078159540,5.323564271425898
6222,1078159545,4.734318866300473
6223,1078159562,5.888209056378282
6224,1078159565,5.721425609368983
6225,1078159567,7.12377485569836
6226,1078159648,6.89979759114984
6227,1078159649,6.653910162618766
6228,1078159650,6.105081186949626
6229,1078159659,4.917719312580587
6230,1078159781,5.0997115435979214
6231,1078159782,5.1253163175982355
6237,1078160152,5.590638994122381
6238,1078160153,4.923490171361989
6239,1078160154,6.551388913627745
6240,1078160287,5.473434944046734
6241,1078160292,5.827280723363522
6242,1078160297,3.83831637977708
6244,1078160345,4.171790273622474
6245,1078160346,5.868015194673327
6246,1078160347,4.489866807606882
6247,1078160369,5.788346605402872
6249,1078160393,5.875789652119945
6253,1078160857,6.217436400053063
6254,1078160858,6.566770346248594
6255,1078160863,6.435872182487218
6256,1078160864,6.95094108801435
6257,1078160865,7.790491797801602
6258,1078160866,7.399606286300555
6259,1078160867,5.995901400388214
6260,1078160868,6.080727330926474
6262,1078160873,5.595401780355922
6263,1078161002,3.9630446182387447
6264,1078161003,4.407097545245406
6265,1078161554,5.358336200214384
6266,1078161559,4.77841989225509
6267,1078161701,5.673747058599291
6268,1078163059,6.003309893096219
6269,1078163094,6.469160064040683
6270,1078163097,3.5420545593843977
6271,1078163125,4.335851649719796
6285,1078163319,7.523224355237238
6286,1078163320,7.21723106548135
6287,1078163321,6.400450737972472
6288,1078163322,6.454686226983979
6289,1078163323,7.281489259447841
6290,1078163324,7.643956199548008
6291,1078163326,6.042847149823892
6293,1078163328,7.819153021443138
6294,1078163329,7.562850516807683
6295,1078163330,6.99408970701871
6296,1078163334,6.483009106539093
6299,1078163606,5.693930839088917
6300,1078163607,6.048416911427431
6301,1078163608,6.5582060226157655
6302,1078163609,5.794305494105883
6304,1078163612,4.7753457863475095
6305,1078163619,4.96087892979292
6306,1078163620,4.725406936753371
6307,1078163621,4.870726940251451
6308,1078163622,6.158813274263807
6309,1078163623,6.352352418614533
6310,1078163624,5.332238324883969
6311,1078163625,4.7801649564921265
6312,1078163643,5.110148798131185
6313,1078163646,5.388098302958101
6314,1078163669,5.449999699643071
6315,1078163670,6.051785739925622
6318,1078163673,5.0782926393406616
6319,1078163717,6.651947761750181
6320,1078163718,6.028933931152968
6322,1078163720,6.317709104147849
6323,1078163726,4.747473865609345
6324,1078163755,5.374152215506628
6325,1078163760,4.559330269148323
6326,1078164190,6.90416316706838
6327,1078164197,5.886864053355422
6329,1078164200,6.7167437031141635
6330,1078164201,6.463129261569856
6331,1078164204,6.133525409403702
6332,1078164205,6.526840873360264
6333,1078164206,5.191569811704422
6334,1078164207,6.316997064279106
6335,1078164208,6.584592109197234
6340,1078164214,6.6466833553067755
6341,1078164242,5.8129955238362205
6342,1078164244,5.353628828157214
6343,1078164246,5.787495178835096
6344,1078164247,6.66293934341385
6345,1078164317,6.8740966736224065
6346,1078164320,5.624862661405185
6348,1078164324,6.042729553881999
6349,1078164325,5.032874093362785
6350,1078164335,6.164673801749969
6351,1078164363,5.899617261099894
6352,1078164364,6.483983117590492
6353,1078164365,6.475440363859294
6355,1078164368,5.942800409571259
6356,1078164443,6.311583802807271
6357,1078164444,6.286737036648166
6358,1078164445,7.405119190088342
6359,1078164448,6.969876946413558
6360,1078164449,7.353455237098116
6361,1078164450,7.176872684968453
6362,1078164451,6.337436522258798
6363,1078164468,5.060593000730963
6364,1078164469,5.615592194254564
6365,1078164470,4.2650956916657545
6369,1078164476,4.276180168877119
6370,1078164477,4.360320778422926
6371,1078164490,4.243972798060808
6372,1078164491,4.327193692086973
6373,1078164492,3.851095159286972
6374,1078164493,4.868543169535315
6375,1078164494,4.78781602379228
6376,1078164496,3.4246979567873206
6377,1078164503,5.615983779410593
6378,1078165071,7.019538660150444
6379,1078165072,6.428261733079076
6380,1078165073,6.1179445343143835
6381,1078165184,4.787612214708817
6382,1078165473,5.150023258724564
6384,1078165539,4.246072368394994
6385,1078165571,6.184013819859506
6386,1078165573,5.856181429950288
6387,1078165575,6.449221415180661
6389,1078165597,6.56334263987948
6391,1078165599,6.013926902981098
6392,1078165601,4.317261466325835
6393,1078165608,4.269181932574796
6394,1078166073,4.052978350487816
6395,1078166109,5.424765164533336
6396,1078166110,5.711005167656763
6397,1078166113,6.173213859163056
6398,1078166228,6.638665866223127
6399,1078166229,6.7018685031109655
6400,1078166230,7.389196641697934
6401,1078166231,6.197065279227509
6402,1078166232,6.55944688467389
6403,1078166233,6.856697496524571
6404,1078166249,6.713252208031977
6405,1078166250,6.145506399857905
6406,1078166251,6.883208223103097
6407,1078166261,4.899459114827009
6408,1078166265,6.178862290504043
6409,1078166270,6.570037747881383
6410,1078166273,3.8998390540174195
6411,1078166300,7.3535581845349824
6413,1078166408,4.521608238193714
6414,1078167745,5.904460364227495
6416,1078168124,5.7786387420912515
6417,1078168130,4.945551850937816
6419,1078168163,5.105612636067484
6422,1078168255,4.381393368770778
6423,1078168282,6.03759640330634
6424,1078168285,5.803793726318907
6426,1078168309,5.038796442785235
6427,1078168375,4.850142333859273
6428,1078168436,4.729191541501006
6429,1078168438,5.692372637751729
6430,1078168440,5.543102291082233
6431,1078168441,7.236966546105316
6432,1078168443,6.900119463007001
6433,1078168444,7.0161818298217655
6434,1078168446,6.900051323563955
6435,1078168455,5.526564727267645
6436,1078168909,7.123152157846831
6437,1078168918,6.637033567976131
6439,1078169156,5.501297577816118
6440,1078169235,6.230785586158263
6441,1078169236,5.843435209768094
6442,1078169237,5.984406071956692
6443,1078169239,7.282273007968474
6445,1078169241,6.387476712956051
6446,1078169256,7.320405146949379
6447,1078169257,6.835757372645246
6448,1078169258,6.173516063580282
6449,1078169260,5.832881558162212
6450,1078169833,6.231338106635428
6451,1078169837,3.901075654874793
6452,1078169838,3.8378465128217902
6453,1078169839,4.07787034615443
6455,1078169862,6.290484886305664
6456,1078169888,4.074413158686575
6457,1078169889,3.9511491057251207
6458,1078169976,5.366633360120154
6459,1078170560,4.381393368770778
6460,1078170735,5.699511583107708
6461,1078170736,5.903023633354192
6462,1078170737,6.456917868766535
6463,1078170741,5.682328033362836
6465,1078170749,6.16796242483814
6466,1078170752,6.436516773909453
6467,1078170759,6.493715339498532
6469,1078170769,5.18158565008139
6470,1078170770,5.846082466641853
6472,1078170932,4.801208078553286
6473,1078172391,6.671436725148066
6474,1078172408,4.187744470617879
6475,1078172434,4.2305812055782575
6476,1078172435,4.121606897406634
6477,1078172436,4.57260429983982
6479,1078172477,6.113368965523496
6482,1078172480,7.344090398363113
6483,1078172482,4.629349702456248
6485,1078172900,4.737881090027093
6486,1078174369,7.156083221278732
6487,1078174453,3.9749899122748005
6488,1078174456,4.41060338755294
6489,1078174461,6.265183339539883
6490,1078174464,4.773533079518938
6491,1078174478,6.984327005009449
6492,1078174479,6.812215223173542
6493,1078174480,6.8501237442722624
6494,1078174481,6.063266338653593
6495,1078174482,6.632384628231298
6498,1078174506,4.470021490020748
6499,1078174507,5.7048899486503295
6500,1078174522,4.157087057228312
6502,1078174533,5.48550807814294
6503,1078174953,5.142830552368611
6505,1078175042,5.018716851663516
6507,1078175062,3.495961444757117
6508,1078175095,4.242702358188464
6509,1078175097,3.9440849567627585
6510,1078175098,4.767845934005587
6511,1078175099,5.233966274356943
6512,1078175853,6.974165350759097
6513,1078175854,6.723065335008087
6514,1078175855,7.070609268056152
6515,1078175856,6.205728925965651
6516,1078175857,5.330561766647476
6517,1078175858,5.568242583919112
6518,1078175859,5.49299178047648
6519,1078175860,5.584175213863022
6520,1078176003,4.762253449830367
6521,1078176020,6.112796107258724
6522,1078176024,4.041773130755379
6523,1078176121,4.2719183468585005
6524,1078176132,2.952592615149551
6525,1078176143,4.071186570845184
6527,1078176509,6.425114106296705
6529,1078176511,6.6288968806934765
6530,1078176512,7.083933003419902
6531,1078176513,6.19150217453228
6532,1078176514,6.024149282923814
6534,1078176562,5.063968026635563
6535,1078176563,4.433434087767644
6536,1078176564,6.656649780484001
6537,1078176565,4.570312260987442
6538,1078176566,4.319934495482221
6539,1078176567,5.194382124269946
6540,1078176612,5.094248040077245
6541,1078176613,5.995276147222005
6542,1078176615,5.505169080205091
6543,1078176616,6.123244936838736
6544,1078176617,6.147800351287899
6545,1078176618,4.280477289142682
6546,1078176788,4.622590597795213
6547,1078176789,5.972918074965907
6548,1078176790,3.6250868164165793
6549,1078176826,5.573470968003123
6550,1078176827,5.826262154846494
6552,1078176830,5.908551745900114
6553,1078176831,6.316347591951719
6554,1078176833,6.168765724718278
6555,1078176834,5.90840994494497
6556,1078176835,5.099627130345162
6559,1078176969,4.164044285265773
6560,1078177389,3.7806720322429017
6561,1078177407,5.401142908992215
6562,1078177478,7.384114081495568
6563,1078177479,5.872894183524605
6564,1078177612,3.418897354954888
6566,1078177712,4.599746865391815
6568,1078177720,5.136928314829182
6569,1078177735,6.192474345372463
6570,1078177744,4.802991405828374
6571,1078177745,5.010633314849341
6573,1078177783,4.269463446764996
6574,1078177826,4.566012415285988
6575,1078177843,5.389008855870809
6577,1078177851,6.738072058127979
6578,1078177853,4.555828863614682
6579,1078177855,6.439524572981481
6580,1078177861,5.584882406689726
6581,1078177862,5.1013674619950935
6582,1078177863,5.8729968984215315
6583,1078179528,5.275743518581721
6584,1078179620,6.490337246281548
6586,1078179622,4.9233618517733335
6588,1078179685,5.9693456477483045
6589,1078179687,6.646294648393372
6590,1078179688,6.246989651133465
6591,1078179689,4.936211994678748
6592,1078179691,5.406658514616791
6593,1078179693,5.89997365697928
6594,1078179694,6.439684234064865
6595,1078179695,6.7719573870878635
6596,1078179696,6.857707833843634
6597,1078179697,6.586728405165726
6598,1078179703,6.0248810442862855
6599,1078179711,6.10517945141464
6600,1078179716,5.45603879292837
6601,1078179720,4.538242836153409
6603,1078179767,5.430589652732145
6605,1078179773,6.138448655377035
6606,1078179848,7.046965791320757
6607,1078179849,6.169790104664182
6608,1078179850,6.461746413514744
6609,1078179851,6.2515620787276305
6620,1078179911,6.172686629132974
6621,1078179912,6.713957017967083
6622,1078179913,5.402015963226237
6623,1078179914,5.3475921857189945
6624,1078179915,5.910404443834235
6625,1078179916,7.255740366512364
6626,1078179918,6.826229839293707
6628,1078179935,5.808403278453945
6629,1078179998,5.585962259660298
6631,1078180748,5.544123500639298
6632,1078180752,4.799361493625608
6633,1078180753,4.592168101563786
6634,1078180798,5.688749816687892
6645,1078181294,4.768215587825946
6646,1078181295,5.225677274238176
6672,1078182402,4.124705650166937
6674,1078182438,6.046435840229663
6675,1078182441,6.190749700958435
6676,1078182443,6.558777136768075
6678,1078182454,5.360107927700057
6679,1078182459,4.362659915135797
6680,1078182463,5.429822771699963
6681,1078182644,7.41448934294997
6682,1078182659,4.738388826099213
6687,1078182745,7.060108753786411
6689,1078182747,5.158700509632194
6691,1078182750,6.560318298984979
6693,1078182753,5.099834292220127
6694,1078182754,5.577158328004007
6695,1078182767,4.931241047799032
6696,1078182773,6.36547690588594
6697,1078182774,5.411355576061486
6698,1078183129,4.957873881238994
6700,1078183143,5.700010717254314
6701,1078183148,5.702897823826992
6702,1078183149,7.177505054017358
6703,1078183151,6.381994871999509
6704,1078183152,6.530258731251383
6705,1078183169,5.5356089207646955
6708,1078183334,6.085638209172165
6709,1078183335,6.158712079662574
6710,1078183336,6.459786992591065
6711,1078183337,7.188865249713191
6712,1078183338,6.338811124164905
6713,1078183340,6.648885967823071
6714,1078183342,7.0233896262284405
6715,1078183364,7.192702934968749
6716,1078183516,5.434816902419437
6717,1078183521,4.376589143504051
6718,1078185194,6.724476974682668
6719,1078185208,5.345964660853015
6720,1078185223,4.169162095530881
6721,1078185340,4.936564991785105
6723,1078185378,3.950703158977186
6724,1078185379,4.5348110844906415
6725,1078185383,4.230377945875023
6726,1078185405,6.613603808271498
6727,1078185408,3.9831311418290785
6729,1078185783,4.947453940364722
6730,1078185788,4.2880567827947225
6731,1078186033,4.933360312227476
6732,1078186099,5.897095499033599
6733,1078186100,6.042479889363953
6734,1078186101,4.189050305798641
6735,1078186102,6.291112570957096
6736,1078186103,6.487951498123201
6737,1078186104,6.4108123400682615
6738,1078186168,4.169162095530881
6740,1078186177,6.431286568057372
6741,1078186178,5.428567039895099
6742,1078186180,5.252511980396047
6743,1078186683,5.870434335908994
6744,1078186685,5.459100489354459
6745,1078186686,6.6257009805040195
6746,1078186687,6.058183336664229
6749,1078186918,5.878788526005946
6751,1078187049,4.011199795731077
6754,1078187085,4.386891488376829
6755,1078187094,5.537329699889105
6757,1078187119,5.0551940319877335
6758,1078187120,6.2791918238428535
6759,1078187121,6.408078765341118
6760,1078187122,6.958216958094584
6762,1078187753,6.838217502220522
6763,1078187757,7.046244453161668
6764,1078187801,4.530530834041302
6766,1078187818,7.01471007399836
6767,1078187819,7.718456812342138
6768,1078187822,6.873899945379363
6769,1078187823,6.824205667349025
6770,1078187824,6.538146417888892
6771,1078187837,4.423160699705297
6772,1078187844,6.9913110292359155
6773,1078187865,6.518547079971302
6774,1078187866,5.728388452938033
6775,1078187867,6.627738820754599
6776,1078187868,7.439051488468173
6777,1078187869,6.545212218341806
6778,1078187949,4.724868940842982
6779,1078188317,4.198249877504489
6780,1078188391,4.157891874212201
6781,1078188546,4.554934460541318
6782,1078188560,6.092511776822683
6784,1078188600,5.985048694050064
6785,1078188626,5.414214841104461
6786,1078188633,4.974604947724771
6787,1078188636,4.453244627481519
6788,1078188875,4.084874264180979
6791,1078190785,4.825124721171072
6792,1078190819,4.485181269150494
6793,1078190874,4.798417452328627
6794,1078190891,4.097196589243217
6795,1078190909,4.019417492553643
6799,1078190974,6.601107004673522
6800,1078191055,3.6421672615671232
6801,1078191061,5.537792420736235
6802,1078191365,4.349038454937345
6803,1078191393,5.953355491829487
6804,1078191440,6.843076283194841
6805,1078191443,5.530423343017365
6807,1078191445,6.3778664811711385
6808,1078191450,7.245217420557866
6809,1078191451,6.460966879611591
6810,1078191555,5.6754230878159175
6811,1078191563,7.476415220008928
6812,1078191564,6.193805167204019
6813,1078191565,5.728792452316293
6814,1078191566,6.3157210932400885
6816,1078192021,5.825823211562799
6817,1078192022,5.796765596468029
6818,1078192023,5.319958045233042
6819,1078192024,4.494021489044594
6823,1078192028,6.0381572294122385
6824,1078192030,5.3915296251336
6828,1078192054,7.028517395347137
6830,1078192057,7.263176758472029
6832,1078192059,6.883523783725064
6833,1078192087,4.330868064616201
6834,1078192437,4.963394942923189
6835,1078192464,7.51823116647292
6836,1078192465,5.971831221804157
6837,1078193143,6.728368963196814
6838,1078193153,5.744740608256794
6839,1078193157,3.8999493333568007
6840,1078193158,5.112494884479412
6841,1078193284,3.7737909503558305
6842,1078193290,5.768476591254666
6843,1078193291,6.938492817310525
6844,1078193346,4.9170552616458
6845,1078193347,4.9170552616458
6846,1078193375,6.055394622875266
6847,1078193376,5.4862610561081215
6848,1078193378,4.747817373015597
6849,1078193421,5.7089282057221915
6851,1078193435,7.775377427411077
6852,1078193436,7.126792749520114
6853,1078193437,7.099202671455183
6854,1078193438,5.848719282640127
6855,1078193457,5.638830299262221
6856,1078193458,5.8294606010194245
6857,1078193459,5.7162229382897465
6858,1078193460,5.8064447577740825
6859,1078193462,6.274342625493735
6861,1078193520,3.5430153537549263
6865,1078193785,5.9869124283408315
6866,1078193793,5.032552903044579
6867,1078193823,3.434078280758831
6868,1078193834,4.084955205023094
6869,1078193865,6.836606705630579
6870,1078193866,6.997930717483997
6871,1078193867,6.1003042388304625
6872,1078193868,6.250369565297276
6873,1078193869,4.143695869271241
6875,1078194022,6.604490981066412
6876,1078194023,5.325552837261702
6877,1078194026,6.205059453945949
6878,1078194027,5.989022697141846
6879,1078194052,6.723858168140016
6880,1078194062,5.509144995793841
6881,1078194063,4.812940405996036
6882,1078194064,6.568053509873485
6883,1078194065,5.900130158500678
6884,1078194066,6.957253360251043
6885,1078194067,6.10017383844673
6887,1078194107,6.285521435123283
6888,1078194108,5.148219936812921
6889,1078194109,6.98213984791005
6890,1078194110,7.026337711054433
6891,1078194111,5.974185550032702
6892,1078194112,6.367514490342236
6893,1078194114,6.282556619117387
6894,1078194115,7.232112923777169
6896,1078194119,6.899580137033774
6897,1078194120,5.4563672194967365
6898,1078194140,6.683163940319506
6899,1078194141,5.844852050025681
6900,1078194143,5.647320485168464
6901,1078194144,6.918652577150783
6902,1078194145,7.018083463718646
6903,1078194146,6.426798847081162
6904,1078194147,6.313592496489243
6905,1078194148,6.4683915627390265
6906,1078194149,6.520652111313996
6907,1078194150,5.904548370815716
6908,1078194185,6.44443692947119
6909,1078194186,5.965980243745504
6910,1078194187,7.286899524133611
6911,1078194188,5.317739681108558
6912,1078194190,7.231822933283169
6913,1078194191,6.541534212396506
6914,1078194192,6.899977875597442
6915,1078194193,5.934502822916462
6916,1078194195,6.787896164701933
6917,1078194196,5.5780917916751385
6918,1078194197,5.860298736064301
6919,1078194210,5.905796406320437
6920,1078194211,6.671374532304012
6921,1078194212,3.7715559297926955
6922,1078194229,5.27965367308577
6924,1078194256,6.837457230915715
6925,1078194257,6.950356120844882
6926,1078194258,4.815280116807916
6927,1078194259,5.826262154846494
6928,1078194260,6.457082775325558
6929,1078194261,6.722695013275576
6930,1078195092,4.528926585111792
6931,1078195094,4.48651483774746
6933,1078196069,5.1285720284024565
6934,1078196098,3.9341502956546592
6936,1078196130,6.696784913366099
6937,1078196131,6.6646939642303495
6938,1078196132,5.695073928952151
6939,1078196134,6.353431265323749
6940,1078196135,6.309963167707668
6941,1078196136,7.3908599562423944
6942,1078196137,6.999960976608039
6943,1078196138,6.176252716335585
6944,1078196213,4.904133080646647
6945,1078196222,5.636796192103077
6946,1078196228,6.7384589326910636
6948,1078196245,6.46594094187848
6949,1078196246,7.090965013744604
6950,1078196247,6.775648181230872
6951,1078196248,7.49058691604362
6952,1078196249,6.886538296832885
6953,1078196263,7.017625337391797
6954,1078196286,4.072891811666413
6955,1078196303,4.095533364407471
6957,1078196305,6.785889504876797
6959,1078196377,6.701902472208268
6961,1078196398,4.204033797822036
6962,1078196409,3.796609886026734
6963,1078196410,4.6748746151413005
6964,1078196411,6.056932422301555
6966,1078196453,5.714639091640304
6968,1078196455,4.87336245929731
6970,1078196457,5.461585332736511
6971,1078196469,4.081941856908858
6972,1078196795,5.89982216346691
6973,1078196816,4.687361176394056
6974,1078196825,5.935381880213052
6976,1078196989,4.078042000922371
6977,1078197049,5.642229311018187
6978,1078197050,5.969249468866911
6979,1078197051,5.93039926881408
6980,1078197052,6.841936003771496
6981,1078197053,5.764580440357424
6982,1078197054,5.653409116557276
6983,1078197055,6.440939446885518
6984,1078197056,5.613766388008159
6985,1078197057,6.052681945874042
6986,1078197058,7.433619202219783
6987,1078197059,5.444114578997409
6988,1078197076,5.947977119070876
6989,1078197081,4.366686874081608
6990,1078197088,5.4488163259654705
6991,1078197131,5.118407774879691
6992,1078197132,5.941796838024539
6993,1078197133,5.339541578887603
6994,1078197134,5.480316596443811
6995,1078197135,4.9559005225527155
6996,1078197136,4.716078996705788
6997,1078197142,5.419446653102975
6998,1078197143,6.625925190954377
6999,1078197552,4.494638833200929
7000,1078197736,5.444166448784678
7001,1078197750,5.519727086815356
7002,1078197751,4.0836284704138475
7003,1078197768,5.836061672679406
7004,1078197770,5.655178905312771
7005,1078197771,5.72774984197846
7006,1078197772,6.904193259533632
7007,1078197775,4.899782939779364
7010,1078198242,5.474301955410304
7011,1078198243,5.131523186288393
7012,1078198244,6.133953704543304
7013,1078198245,6.413654659810691
7014,1078198247,4.8720675254931205
7015,1078198248,6.941330293051835
7016,1078198249,6.010838435991447
7018,1078198251,6.694763269197134
7019,1078198263,4.994668792323755
7021,1078198285,5.8550797014337
7022,1078198286,7.0197974642806145
7023,1078198289,5.764193045143935
7024,1078198353,6.373857616369717
7025,1078198360,4.763878278190638
7026,1078198365,6.099779498916667
7027,1078198366,6.803992731224656
7028,1078198437,4.651364884280531
7029,1078198850,5.9612603640361925
7034,1078199051,4.69929038293728
7035,1078199056,6.680239730555968
7037,1078199085,7.042540436241573
7038,1078199086,4.677753282156411
7040,1078199089,4.493060495588348
7041,1078199091,6.591605884370749
7042,1078199595,3.91905844875208
7043,1078200705,5.96256008022472
7044,1078200718,6.252771794161065
7045,1078200719,6.538338863701802
7048,1078200724,6.5081145744927245
7050,1078200727,6.017979679955417
7051,1078200728,6.0696882188458705
7052,1078200729,5.542493298592543
7053,1078200730,5.657034877649245
7054,1078200736,6.565320015516079
7055,1078200737,5.920166291612766
7056,1078200741,5.193232758541746
7057,1078200748,7.984126196808807
7058,1078200756,4.383296406851862
7059,1078200758,4.949455122297666
7060,1078200762,4.969245184914207
7061,1078200806,5.082352702372304
7062,1078200816,4.540433912021439
7064,1078201007,3.7164984826939254
7065,1078201399,4.67421071207358
7066,1078201533,6.1284994556609576
7067,1078201538,6.291921641200064
7068,1078201539,5.142329453029095
7070,1078201541,5.5819875233984
7072,1078201701,5.797205517651912
7073,1078201711,5.8593086137338215
7074,1078201712,6.075411031097268
7075,1078201736,4.251875097358104
7076,1078202223,3.040404764818044
7077,1078202228,5.260438878366811
7078,1078202408,4.896988740962932
7082,1078202424,4.900342815195495
7084,1078202426,5.351053064522606
7086,1078202429,5.306130797171765
7087,1078202430,5.305356112856018
7088,1078202432,5.9348743865872695
7089,1078202434,5.155877481715181
7092,1078202471,5.479232329795054
7094,1078202525,5.23581199081664
7095,1078202530,5.41068001567787
7103,1078202655,5.950513832414427
7104,1078202656,5.220967673000665
7105,1078202659,5.927611522985715
7108,1078202673,6.825297461171505
7109,1078202674,5.346172435044728
7111,1078202676,7.102651398370822
7113,1078202680,5.519690078229161
7115,1078202683,4.845366504961168
7116,1078202684,5.94312011077067
7117,1078202685,5.43469742202617
7119,1078202690,5.478759651508296
7120,1078202692,5.92529102699106
7121,1078202693,6.957070601570603
7122,1078202694,5.504797166926897
7123,1078202695,6.970913520997602
7125,1078202697,5.661863479902648
7126,1078202699,4.7092046879108
7128,1078202702,7.167761298436922
7129,1078202703,6.162752978537548
7130,1078202704,5.845290240486921
7131,1078202706,7.193520699199786
7132,1078202708,4.705586560773289
7134,1078202710,5.169609311312593
7135,1078202711,5.279061166274974
7136,1078202712,6.007907958279821
7138,1078202963,4.420733305819344
7139,1078202984,5.3087335262964235
7140,1078202985,6.265494641089624
7141,1078202987,5.923693137612007
7142,1078202988,5.305256055978241
7143,1078202989,7.207603621521546
7144,1078202990,5.871177859752958
7145,1078202991,6.610512749639212
7146,1078202992,6.4197625404672305
7147,1078202993,7.233494790230117
7148,1078202994,7.51287929282692
7149,1078202995,6.942219842194309
7150,1078202996,5.134668372720961
7151,1078203047,6.2361578467423735
7152,1078203051,3.661120457042985
7153,1078203054,5.533287553389003
7155,1078203057,4.315355177144078
7158,1078203142,6.2452586395141605
7159,1078203148,4.511372862491459
7160,1078203149,6.140926197548111
7161,1078203178,4.950051042419127
7164,1078203191,4.190853292709987
7165,1078204605,7.495768053673536
7166,1078204606,4.952025011742334
7167,1078204608,6.527149657690369
7168,1078204609,6.5462931592080755
7169,1078204610,6.464655192293358
7170,1078204613,4.764632216349959
7172,1078205335,3.80132144668429
7174,1078205745,3.8579357001907617
7175,1078210081,4.426577619277495
7176,1078210146,5.9000194657047675
7179,1078210164,7.887384162821514
7181,1078210204,5.972467718588742
7182,1078210205,4.670082544884254
7183,1078210246,8.40121139222136
7184,1078210247,5.240112792033843
7185,1078210248,6.063670988174647
7186,1078210260,5.339980289664898
7187,1078210415,4.641794615559782
7188,1078210418,5.7256271558076035
7189,1078210419,6.236850640428827
7190,1078210420,4.919263957314355
7191,1078210421,7.103136787493993
7211,1078210460,7.058287909231914
7212,1078210472,4.981995359851636
7213,1078210474,3.9690106409067867
7214,1078210531,4.087620801815606
7216,1078210739,5.6716120837452575
7217,1078210852,3.763659640272209
7218,1078211166,3.8650597992667888
7219,1078211211,4.112982079913219
7220,1078211345,6.508029293715428
7221,1078211346,6.937678480799002
7222,1078211347,6.808628089806177
7223,1078211350,7.70848972805713
7224,1078211351,6.921499494745495
7225,1078211353,6.969006722972847
7226,1078211354,6.619596276295324
7227,1078211355,6.401518561656539
7228,1078211356,6.431746392352871
7229,1078211357,6.4812618720430715
7230,1078211358,6.494147902588406
7231,1078211374,6.435023558220651
7232,1078211377,5.792818167214801
7233,1078211748,4.768199997630922
7234,1078211775,5.957785393278523
7235,1078211797,3.71270013948463
7237,1078211831,6.010694364937985
7238,1078211835,6.538525025266997
7239,1078211836,6.945507064968232
7240,1078211837,6.980347440229644
7241,1078211839,7.541246819370352
7242,1078211840,7.290190439133098
7243,1078211841,7.286466896976102
7244,1078211842,7.631469663880908
7245,1078211843,6.69121609355148
7246,1078211844,6.270654271123849
7248,1078211846,6.413401895994101
7249,1078211849,8.133987870301638
7250,1078211850,5.807046909825484
7251,1078211851,6.528834138495448
7252,1078211852,6.8712912588047566
7253,1078211854,6.994062343229676
7254,1078211858,5.609239985079483
7255,1078211869,4.772495519617168
7256,1078211873,4.157602530369794
7257,1078212317,6.644553231442912
7258,1078212320,5.215484667621425
7259,1078212468,5.817056328720437
7260,1078212469,5.801598674005881
7261,1078212517,6.592845782996196
7262,1078212520,6.702974999464965
7263,1078212565,6.546732908828048
7264,1078212586,4.1799020196722605
7265,1078212587,6.668447439415002
7266,1078212658,7.331463961686007
7267,1078212724,5.208047254951646
7268,1078212952,4.461044574113374
7269,1078212977,5.243119823885923
7271,1078212979,4.892173123244497
7272,1078213023,6.6481013113269425
7273,1078213081,6.299470804253488
7274,1078213082,7.215221482276888
7275,1078213083,5.006980715394854
7276,1078213086,4.424428329615536
7277,1078213105,7.544284257057706
7287,1078213188,4.229513289814449
7290,1078213199,6.712882666421538
7291,1078213255,6.533866991050759
7292,1078213256,5.936365985731633
7293,1078213257,5.272675045241883
7294,1078213258,6.998810500827464
7295,1078213259,6.085863594914546
7296,1078213260,6.796178187068639
7297,1078213261,7.526935935659066
7298,1078213262,6.512337858685329
7299,1078213263,4.580893031759742
7300,1078213264,6.813048792929468
7301,1078213265,6.717734471328618
7302,1078213266,6.4584898347666915
7304,1078213296,6.973662210673535
7305,1078213380,5.0400391688696455
7306,1078213386,7.160287572621029
7307,1078213387,6.383274851442803
7308,1078213388,5.686346552255657
7309,1078213390,6.876872829673498
7310,1078213391,7.144994913279666
7311,1078213392,7.112341095652302
7312,1078213393,6.796474929313192
7317,1078215464,4.817240603974503
7318,1078215465,5.268775022791621
7319,1078215466,6.373664547187059
7320,1078215467,6.40336486344628
7321,1078215468,6.588064127829886
7322,1078215469,6.92207807867649
7323,1078215502,6.083528899088379
7324,1078215503,6.510376405752373
7325,1078215504,7.650978536245601
7326,1078215559,5.822981618996257
7327,1078215765,4.769007949628472
7328,1078215766,4.769007949628472
7329,1078215774,4.129243712112375
7330,1078216181,5.5630720219465335
7331,1078216203,7.142913831126865
7332,1078216207,7.672300397083486
7333,1078216208,7.021566280120612
7334,1078216209,6.834762556147525
7335,1078216418,4.693121443101895
7336,1078216422,5.391039806899135
7337,1078216440,5.244091851501522
7338,1078216443,6.036139658532883
7339,1078216444,7.740003934993611
7340,1078216448,5.806439993940911
7341,1078216452,5.15075526709495
7343,1078216458,5.348642045712527
7344,1078216460,4.966247280780414
7345,1078216475,5.73702452868371
7346,1078216497,5.212628582160631
7347,1078216498,6.856697496524571
7348,1078216499,5.75916885468921
7349,1078216500,5.48180827784752
7350,1078216501,6.6748702077199376
7352,1078216503,6.690303373277237
7353,1078216504,6.577204830033658
7354,1078216505,6.136043864074095
7355,1078216509,5.35739292753779
7356,1078216525,4.376546499730993
7357,1078216542,4.660342728180389
7358,1078216905,6.786583713010824
7359,1078216906,4.94206745157738
7360,1078216940,5.9001239493001405
7361,1078216941,6.173683295252914
7362,1078216942,4.810202175261037
7363,1078216950,7.626602328431982
7364,1078216961,4.319246012830359
7365,1078217070,6.515111522096595
7366,1078217080,5.160450840979587
7368,1078217151,3.9283939699939543
7370,1078217183,7.51287929282692
7371,1078217324,5.363684583381644
7372,1078217349,5.858441687184641
7380,1078218144,4.798382249845659
7382,1078218153,4.3712277240190245
7387,1078218207,6.920227813643054
7388,1078218208,5.59017781942979
7390,1078218216,4.273693909495627
7391,1078218220,4.125037531862729
7393,1078219499,5.489814244943471
7394,1078219588,5.642157520987093
7395,1078219590,7.476947494042889
7396,1078219591,6.310037137508893
7397,1078219593,5.465362734040428
7398,1078219603,4.487120717950075
7401,1078219615,3.770699673005284
7403,1078219862,5.23086783042039
7404,1078219863,5.301516462185801
7405,1078219865,4.4747073415518
7406,1078219866,6.06305195946636
7407,1078219867,5.540819095307652
7408,1078219870,6.003309893096219
7410,1078219901,5.031959403836106
7411,1078219902,4.325087951383437
7414,1078220305,4.181720681375664
7415,1078220314,3.895251044223907
7417,1078220336,7.360014590868509
7419,1078220619,5.48550807814294
7420,1078220629,5.483342589787803
7421,1078220638,5.241945789614052
7422,1078220683,5.553585240763893
7424,1078220718,4.763466678920286
7426,1078221111,6.477080523013713
7427,1078221117,4.741658034689028
7429,1078221120,4.798639438701368
7430,1078221123,4.909584283125042
7432,1078221249,4.423816748390667
7433,1078221254,6.945716957794725
7434,1078221255,6.459786992591065
7435,1078221257,7.300480357079681
7436,1078221261,3.8355206218665376
7437,1078221304,4.594287068762181
7438,1078221309,4.291145258787548
7440,1078221373,4.569671282878924
7442,1078221443,4.87795603383678
7447,1078221770,5.150628962580929
7449,1078221776,4.771356610556408
7451,1078221832,3.2266540454014967
7453,1078221834,6.8527394689259244
7454,1078221884,5.951361896099027
7455,1078222009,8.203580021623267
7456,1078222646,4.043218505115486
7457,1078222684,5.844282487640667
7458,1078222685,5.971044156122053
7459,1078222727,6.9672205727448375
7460,1078222728,6.557681687773419
7461,1078222729,7.545425201017472
7462,1078222730,7.775998460127393
7463,1078222731,7.9624515020284585
7464,1078222733,6.80200876238747
7465,1078222734,6.769178483601506
7466,1078222735,6.557681687773419
7467,1078222736,7.536104205306015
7468,1078222867,5.89981129017757
7469,1078222868,7.044934358616471
7470,1078222869,6.942224876160678
7471,1078222871,7.173561298493526
7472,1078222872,6.619662625060544
7473,1078222873,7.027329325111535
7474,1078222874,6.908673377463732
7482,1078222955,5.3527590164913255
7483,1078222956,3.685763295147434
7484,1078222957,4.448023156911825
7485,1078222971,4.9442140574986215
7487,1078222974,3.9316790931749197
7488,1078222975,4.642458101608665
7489,1078223018,5.254599614947214
7490,1078223023,4.777803885043547
7491,1078223059,3.8805146599929308
7492,1078223077,5.978964615463919
7493,1078223078,6.625925190954377
7494,1078223081,4.264167450041661
7495,1078223455,4.794756612482876
7497,1078224953,5.900252728209161
7498,1078224955,6.1458763988619625
7501,1078224982,6.0250526341360775
7502,1078225014,6.828935813655123
7503,1078225016,6.538765024010223
7504,1078225118,4.333666466403435
7505,1078225194,6.820241726491422
7509,1078225361,6.049291122701561
7510,1078225363,6.348280975098289
7511,1078225364,6.513237413723936
7512,1078225367,5.399780167969675
7519,1078225858,6.127833696425329
7520,1078225859,6.6748702077199376
7521,1078225868,5.361251695137652
7522,1078225917,4.355610780577031
7524,1078226178,6.527532684663092
7526,1078226180,5.5123688077713675
7527,1078226181,7.045012021576886
7528,1078226182,7.002880092067064
7529,1078226183,6.325225278967347
7530,1078226184,5.89061253999145
7534,1078226608,7.258787402882386
7535,1078226609,7.241907673257691
7536,1078226610,7.634745245674124
7537,1078226611,6.870263479224895
7538,1078226645,6.450056749787048
7540,1078226761,6.250361971299629
7541,1078226763,6.467001698837883
7542,1078226764,6.34655572506858
7543,1078226765,6.526710419240642
7544,1078226768,7.000170116413116
7545,1078226833,6.146992034759055
7546,1078226834,4.7619193562125
7547,1078226835,6.029676562547468
7548,1078226838,6.96085008270482
7549,1078226839,7.737205668308914
7550,1078226840,6.0266485639899265
7551,1078226841,5.870104577477804
7552,1078226842,5.809955604419168
7553,1078226843,6.131112652714215
7554,1078226844,6.7405615415229825
7555,1078226845,7.015745004216714
7556,1078226846,6.793010796302773
7557,1078226847,7.924099859527311
7558,1078226849,6.787509859108031
7559,1078226850,6.055403656111894
7560,1078226852,6.1888773546781355
7561,1078226853,6.971118671754089
7562,1078226854,5.589557440334424
7563,1078226855,5.867264390876651
7564,1078226856,6.657607216911752
7565,1078226861,6.479041581834938
7566,1078226875,5.138391163776566
7567,1078226944,6.1225484220619135
7568,1078226999,5.780905914102908
7569,1078227946,6.7175888560299555
7571,1078227948,7.103136787493993
7572,1078227950,5.779321718037586
7573,1078227954,6.841577640460528
7574,1078227961,6.836038570272628
7575,1078227962,6.484791020616196
7576,1078227963,5.65001295920592
7577,1078227964,6.735188357289907
7578,1078228078,5.5630720219465335
7580,1078228086,6.475310486471159
7581,1078228098,6.948092723713103
7582,1078228100,5.27162557378596
7583,1078228101,6.220859714397009
7584,1078228102,5.342596656825252
7585,1078228108,6.579302487549897
7586,1078228109,6.734061784437251
7587,1078228120,4.98541922181742
7588,1078228127,4.999712039293711
7589,1078228128,3.533460109174852
7591,1078228130,3.8539978863110727
7592,1078228135,4.922394570301355
7594,1078228149,4.3115547788578645
7595,1078228151,4.926131695358176
7596,1078228283,4.791079936352908
7597,1078228286,6.491199884546223
7598,1078228816,6.150731512598858
7599,1078228818,5.099691462966701
7600,1078228819,6.8740966736224065
7601,1078228820,6.809014090929825
7602,1078228890,4.1170940039614585
7603,1078228891,4.859165407262207
7607,1078229154,7.778909667525131
7608,1078229155,6.285809242675067
7611,1078229160,6.751083161620793
7613,1078229220,4.571161349895446
7614,1078229236,3.5186674130899798
7616,1078229238,3.8374143260692914
7618,1078229240,5.203358868292293
7621,1078230158,5.405531594914495
7622,1078230488,6.521510078405763
7623,1078230489,6.512228832970393
7624,1078230509,8.072898513360547
7626,1078230512,6.459826858137277
7627,1078230513,6.6911305189021775
7628,1078230514,5.919832573601164
7629,1078230515,7.443695414926417
7630,1078230516,5.69590006335078
7631,1078230517,7.380294094930682
7632,1078230518,6.457318837198176
7633,1078230519,6.0112534761944385
7634,1078230520,7.139147454456652
7635,1078230521,5.6562850925975985
7636,1078230522,5.353628828157214
7637,1078230523,6.268894740247157
7638,1078230524,6.329942032276058
7639,1078230525,7.132023740193937
7640,1078230526,5.777008256257117
7641,1078230527,6.894594833032117
7642,1078230528,7.712995271519654
7643,1078230534,5.578716860926123
7644,1078230535,6.296617792764311
7646,1078230594,6.274276585518823
7647,1078230625,6.813455356907296
7648,1078230629,5.957423111014816
7650,1078230664,4.816757209005528
7651,1078230665,4.482202470013453
7652,1078230666,4.2819074992354285
7653,1078230667,4.4064593517103825
7654,1078230668,6.132133611685513
7655,1078230682,5.616313419835553
7656,1078230683,7.828964143288646
7657,1078230686,5.926442863381226
7660,1078230718,6.536948106680294
7661,1078230719,5.6489755394809995
7662,1078230720,6.316964370728691
7663,1078230722,5.144403138841879
7664,1078230723,4.616489036524408
7665,1078230724,3.891211809906174
7666,1078230733,5.455134345932783
7667,1078231106,4.370262770437753
7668,1078231195,5.787632664584683
7670,1078231405,5.546528938627149
7672,1078231413,4.9137907354416726
7676,1078232254,4.506517799161703
7678,1078232370,6.294638348063101
7682,1078232375,6.280637390572367
7684,1078232377,7.436340377636277
7685,1078232378,6.5106487303929415
7686,1078232379,6.489429088889589
7687,1078232408,5.900196010449852
7688,1078232786,5.992701009653532
7689,1078232787,6.313711310740869
7690,1078232788,6.023098212607681
7691,1078232790,7.079303762118945
7692,1078232791,7.06626983555188
7693,1078232792,5.899685656987163
7694,1078232793,6.598445008343621
7695,1078232794,6.413260179018563
7696,1078232795,5.418648924122243
7697,1078232797,6.930273635452759
7698,1078232798,5.7729992102434675
7699,1078232822,7.100281420751677
7700,1078232823,7.112225238759775
7701,1078232824,5.510983886266643
7704,1078232836,5.022178182595757
7705,1078232837,7.0997421375870315
7706,1078232838,6.281622278381803
7707,1078232945,5.938458474512008
7708,1078232948,6.342488859919444
7709,1078232949,6.458199423942273
7710,1078232950,6.538867310214101
7711,1078232951,6.7450142776396245
7713,1078232953,5.869250370004788
7714,1078233081,6.003926568645853
7715,1078233082,6.060393439485001
7716,1078233083,6.835757372645246
7717,1078233084,6.126330411432991
7718,1078233104,7.170110659790256
7719,1078233105,6.761286095639368
7720,1078233106,5.373616233475897
7721,1078233107,6.666837736452068
7722,1078233108,5.998136311745798
7724,1078233153,6.458005977244351
7725,1078233154,6.8181736210772
7726,1078233155,5.442961499924212
7727,1078233156,5.583929373500137
7728,1078233157,6.252994090283237
7730,1078233209,5.042714455038814
7732,1078233238,4.253038101926594
7733,1078233239,3.6422063098445507
7734,1078233243,5.928762998245117
7735,1078233244,4.5628128090760125
7737,1078233289,4.505954035420384
7738,1078233290,5.348067058531989
7739,1078233310,7.024723951374529
7740,1078233312,5.9404906551215895
7742,1078233314,5.050715451946103
7745,1078233643,4.1543189775094405
7746,1078233646,8.265846240982219
7748,1078233655,5.970213869587998
7749,1078233657,5.928451680988877
7751,1078233661,5.595784976541063
7754,1078233686,5.9525861186685
7756,1078233688,6.094417181764372
7758,1078233690,5.923684607020698
7760,1078233694,5.348067058531989
7763,1078234302,5.138391163776566
7767,1078235767,8.659118513615615
7769,1078235772,5.6412934941971065
7770,1078235776,8.737077079118546
7772,1078235804,5.56045143872012
7773,1078235977,4.494469115125982
7774,1078235978,5.134172490781545
7775,1078235979,5.108540109825023
7776,1078235980,4.285291322944124
7777,1078235981,7.081287263695154
7778,1078235983,5.0751715964395885
7779,1078235984,5.016594625518073
7780,1078235985,4.797801189771953
7781,1078235986,6.774187564149388
7782,1078235987,5.245941722359438
7783,1078235990,4.834300065646151
7784,1078236479,4.957131479515238
7785,1078236482,4.826769233847612
7787,1078236620,5.73077621617041
7788,1078236656,6.471131050561156
7789,1078236664,4.029340349512492
7791,1078236699,8.409118483252637
7792,1078236700,7.37423319831208
7793,1078236701,7.160370039325497
7794,1078236702,6.677779679438725
7795,1078236703,5.714634810542861
7796,1078236704,5.249536871286109
7797,1078236705,5.076300888712088
7798,1078236706,6.819642074472968
7799,1078236707,6.187802066943197
7800,1078236709,5.920916579185378
7801,1078236710,4.3836575155085615
7802,1078236726,4.6863741750903465
7803,1078236727,6.112325967859966
7804,1078236728,4.839479271796916
7805,1078236733,7.716274599974224
7806,1078236762,4.344259293938785
7807,1078236773,6.182029688367514
7809,1078236792,4.128871367117544
7810,1078236793,5.707846043863504
7811,1078236794,3.981309069871255
7812,1078236795,4.229513289814449
7813,1078236796,6.53627496945845
7814,1078236797,4.884219439209174
7815,1078236798,6.490128210692216
7816,1078236806,4.302868526609117
7817,1078237147,4.369576034593006
7819,1078237261,5.8652900307224245
7820,1078237264,4.689478212384769
7823,1078237271,6.909890961375739
7824,1078237272,7.585942228609878
7825,1078237275,7.452431764476793
7826,1078237276,8.30198162462822
7827,1078237277,8.383955528986291
7828,1078237279,6.421212858179327
7829,1078237283,6.785889504876797
7830,1078237284,7.676307654415904
7831,1078237286,6.154533007160146
7832,1078237287,5.256425350568877
7833,1078237305,5.765506120519269
7834,1078237309,5.6389134440093525
7835,1078237310,5.643015847780664
7836,1078237311,6.52193245868557
7837,1078237326,6.88002092286029
7838,1078237327,6.243787517450024
7840,1078237334,4.286974802025453
7841,1078237336,4.910662017331655
7842,1078237337,6.5737085639577835
7843,1078237340,6.243569678843708
7844,1078237343,7.756804586932593
7845,1078237350,6.056556107527314
7846,1078237351,7.042504411688755
7847,1078237352,8.122005739096531
7848,1078237353,9.118880814665987
7849,1078237355,6.793605782582515
7850,1078237356,7.0995719582987
7851,1078237581,6.035204054013578
7852,1078237892,4.911384435132911
7854,1078237894,5.778607639268114
7855,1078237898,5.830224216389592
7856,1078237900,3.831957996123693
7857,1078238044,3.66757363689805
7858,1078238076,3.4633768042861446
7859,1078238077,6.888992706229335
7861,1078238106,3.6659916362341116
7862,1078238374,6.413260179018563
7863,1078238377,5.266056483891406
7864,1078238389,6.125492176370245
7865,1078238390,6.8305454080416865
7866,1078238391,6.8049781412481956
7867,1078238392,7.502585174333283
7868,1078238393,6.285152710007886
7869,1078238394,5.772839675169676
7870,1078238395,5.580758322945694
7871,1078238396,5.709273507692049
7872,1078238397,8.013069068703818
7873,1078238398,6.775999058726435
7874,1078238399,5.696795855566009
7875,1078238400,7.3056300863111705
7876,1078238411,6.876588853077804
7877,1078238412,5.039502295833216
7878,1078238413,7.147330805634914
7879,1078238414,6.280080202940873
7880,1078238438,4.848651892331451
7881,1078238439,6.552985097477583
7882,1078238440,6.9847550584871065
7883,1078238446,4.83977400427008
7885,1078238453,6.503744537827899
7886,1078239067,5.931133136249838
7887,1078239068,6.810942071169046
7888,1078239069,6.394338880213973
7889,1078239104,5.12912677308188
7890,1078239105,5.586894969904112
7892,1078239110,5.519690078229161
7893,1078239112,6.6611982965913885
7894,1078239113,7.171788728009507
7897,1078239131,6.309581789899332
7898,1078239132,6.318307617262513
7900,1078239151,7.236560979979612
7901,1078239152,6.865245279349875
7902,1078239153,7.37132490997772
7903,1078239154,6.7719573870878635
7904,1078239155,6.631700164107902
7905,1078239177,7.236102161651344
7906,1078239178,5.959888201633113
7907,1078239179,4.774447586667629
7908,1078239180,6.302595753252112
7909,1078239185,5.6389134440093525
7910,1078239186,5.286297223976143
7911,1078239187,5.915877600338015
7912,1078239188,7.274964066754285
7913,1078239189,6.265399012146969
7914,1078239190,6.267469127246949
7915,1078239261,5.685256986586856
7916,1078239363,4.703930760804739
7917,1078239364,6.210100328806113
7918,1078239366,6.639886034614714
7919,1078239367,4.758829707234032
7920,1078239368,6.6550843010125345
7923,1078239371,6.356681646328204
7924,1078239372,6.856697496524571
7926,1078239374,6.53804464134153
7927,1078239375,5.75916885468921
7928,1078239376,7.325237751336636
7929,1078239377,5.836087236086497
7930,1078239378,6.4138976266192875
7931,1078239379,5.740294668479951
7932,1078239380,5.586894969904112
7933,1078239381,6.650116235714541
7934,1078239382,6.970120874463656
7938,1078239404,6.84852101942997
7939,1078239405,6.199917710292565
7940,1078239406,7.177505054017358
7941,1078239408,6.690303373277237
7943,1078239410,6.630920493600752
7944,1078239411,6.378223665026639
7946,1078239414,7.0431168523063254
7947,1078239418,4.643065145524112
7948,1078239419,7.3908599562423944
7950,1078239421,6.285413151562688
7951,1078239423,6.827709363581363
7953,1078239425,6.287546594174055
7955,1078239428,4.953636344239353
7957,1078239747,5.823621480940866
7959,1078244624,5.579496216018624
7960,1078244691,3.565642763658082
7965,1078244721,7.856549987272306
7967,1078244723,4.641043570620964
7968,1078244724,7.662431212294426
7969,1078244725,5.099834292220127
7971,1078244737,5.800115039679149
7972,1078244738,6.2115631491881365
7973,1078244741,7.813766210555604
7974,1078244879,5.862536131164784
7975,1078245006,5.625749272852163
7977,1078245008,5.90232112427784
7978,1078245009,7.603957829118231
7980,1078245012,5.9022821919490305
7982,1078245015,6.5625860395975195
7983,1078245017,6.272214370094506
7984,1078245033,5.2642139177373135
7985,1078245076,6.3077130650503825
7986,1078245077,7.197251866844249
7989,1078245080,6.581153748698911
7991,1078245082,7.217094953038322
7992,1078245083,5.17475074475919
7993,1078245084,6.91646296467036
7994,1078245085,6.386601101841683
7995,1078245086,5.567664746337503
7997,1078245089,6.154571700886214
7998,1078245090,6.126330411432991
7999,1078245144,5.365210802633385
8000,1078245146,7.1216950137562485
8002,1078245151,6.476191247286735
8003,1078245152,6.514977990938747
8006,1078245155,6.761418101153756
8007,1078245160,7.205757320142331
8009,1078245169,8.3409505248072
8010,1078245172,6.577819832474846
8012,1078245174,6.177193311855954
8017,1078245181,7.76271729619849
8018,1078245182,6.9518526066211175
8019,1078245199,7.010682251514023
8021,1078245201,5.162209782150851
8022,1078245202,7.149339547958489
8024,1078245204,6.807780256018546
8025,1078245206,6.357908552628154
8026,1078245207,6.982644317234375
8027,1078245208,5.927075269204778
8029,1078245210,5.693930839088917
8030,1078245212,6.711190188602006
8031,1078245272,6.273608025705721
8032,1078245274,4.395930200876366
8033,1078245278,4.806057648895116
8034,1078245286,5.576803590825265
8035,1078245289,4.921070557961122
8036,1078245290,5.019417204436862
8038,1078245293,3.841248051568722
8039,1078245668,5.85662159212278
8040,1078245826,5.156024626565453
8041,1078245828,6.206435040113434
8042,1078245830,6.27304813961375
8043,1078245831,6.06686640411935
8044,1078245832,6.636349395719668
8045,1078245833,6.836005084233316
8046,1078245835,6.100323054624662
8047,1078245848,6.9497232517458185
8048,1078245849,6.298945189648902
8051,1078245875,6.445118788595374
8052,1078245877,6.311751093514805
8053,1078245879,7.214505957921606
8054,1078245880,6.100188097552114
8055,1078245881,7.29805952145244
8056,1078245882,5.452277109522645
8057,1078245894,6.959533819196791
8061,1078246021,5.7457249181687455
8062,1078246040,6.354166223404491
8063,1078246041,6.871191201499046
8064,1078246042,6.446335145013631
8065,1078246044,6.100253247574338
8066,1078246092,6.6072134132545255
8067,1078246094,4.933360312227476
8069,1078246151,7.597977788146351
8070,1078246152,5.679535642530956
8071,1078246154,8.094664680235338
8073,1078246156,6.33998318748483
8074,1078246157,6.122910221009865
8075,1078246158,6.187882785815783
8076,1078246184,4.785586262386815
8078,1078246186,5.119783869805151
8080,1078246219,7.100229508596026
8081,1078246220,6.245279313262916
8082,1078246228,5.991547407935588
8083,1078246230,7.028978382383663
8084,1078246231,7.093011339473977
8085,1078246234,5.566824352622863
8086,1078246237,5.434060763753621
8090,1078246727,7.204234931427246
8095,1078246734,5.079237522317287
8097,1078246870,4.050345367388203
8098,1078247335,4.727261914445941
8099,1078247340,5.833781405563441
8101,1078247349,4.871769258698789
8102,1078247365,6.70242878446669
8103,1078247372,4.900248012152437
8104,1078247376,6.961152854008061
8105,1078247377,6.099779570528881
8106,1078247378,6.1078614351635645
8108,1078247381,6.687736744017069
8109,1078247825,5.452314440131525
8116,1078247842,6.378197444177319
8117,1078247843,6.065072819182582
8119,1078248928,6.321031629020511
8121,1078249213,5.041037849904287
8123,1078249215,3.776128806727093
8124,1078249224,4.047443317916241
8125,1078249225,6.070467681879819
8126,1078249226,5.82576020437895
8127,1078249300,6.033023206061508
8128,1078249302,3.9730016919388924
8130,1078249336,4.347886861957429
8131,1078253837,5.025275294823715
8132,1078253838,5.367648232633482
8133,1078254320,6.020450552330159
8134,1078254322,7.031770518005663
8135,1078254323,5.357326285266145
8136,1078254324,6.912088126363428
8137,1078254326,5.969381797462946
8138,1078254327,5.003571981440184
8139,1078254328,6.76778748739622
8140,1078254329,6.1098792087114875
8141,1078254348,5.3344216747324396
8143,1078254373,3.8858525394972627
8144,1078254635,4.4189636086914375
8146,1078254648,4.989776819601194
8147,1078254663,3.89783735617912
8148,1078255972,3.315375534616231
8149,1078256019,5.475238018984998
8151,1078256035,4.427993938207626
8153,1078256240,5.172281519865968
8154,1078256325,5.606550820677418
8155,1078256791,4.540493208488618
8161,1078257037,6.848098864700614
8163,1078257075,5.874592641233977
8165,1078257571,4.780522808618627
8166,1078259457,5.280408548412431
8167,1078259816,4.956430522537767
8168,1078259833,5.707741716104587
8169,1078259836,3.6276580156177847
8171,1078260059,6.653508304410162
8172,1078260067,4.092071033995667
8173,1078260166,3.6076607708692574
8174,1078261786,4.555481601904383
8175,1078262280,6.21375574360764
8177,1078262316,4.980580870036566
8184,1078263854,5.720937815564167
8185,1078264478,5.714512948900177
8187,1078264483,4.792321688153029
8188,1078264813,3.5502127304216167
8190,1078264818,4.438752837211117
8191,1078264832,6.855165497244512
8193,1078264855,5.6145422617783325
8194,1078264993,5.44074402373149
8195,1078264995,4.808464162580536
8199,1078270077,6.183413335289589
8201,1078270080,6.310934538978146
8204,1078270483,6.08447936636292
8205,1078270588,6.519027532312169
8206,1078270597,5.82342298187838
8207,1078270598,6.080480580195589
8208,1078270599,5.178807187171175
8209,1078270605,6.259537498252292
8210,1078270658,4.619416364659635
8211,1078270659,6.581743169467906
8212,1078270660,6.3671083338697425
8213,1078270661,5.9515489795030385
8214,1078270663,4.842387359591134
8215,1078270665,4.785698735077926
8216,1078270666,5.509914912891434
8217,1078270667,5.321148136250143
8218,1078270670,4.386278569068924
8219,1078270672,4.1706671142566
8220,1078270686,5.408712344126247
8221,1078270699,5.813990568618149
8222,1078270700,7.099891941115435
8223,1078270702,6.849472760885167
8224,1078270703,6.545749685421117
8225,1078270704,7.048993124675672
8226,1078270705,6.90006635433757
8227,1078270706,6.412389550638542
8228,1078270707,4.54557940624537
8229,1078271798,4.49247576162686
8230,1078271887,6.373826779859062
8231,1078271932,4.652902447180729
8232,1078271934,6.400196285782607
8233,1078271935,6.677100806687596
8234,1078271936,5.921791778105378
8235,1078271937,5.642680599789093
8236,1078271938,6.4285820252724415
8237,1078271939,5.83381862836437
8238,1078271940,6.054812151897007
8239,1078271976,4.3046188423861
8240,1078271977,3.6803341608829987
8241,1078271978,4.2637962088392936
8242,1078271980,4.917254954944275
8243,1078271985,4.421450460039291
8244,1078272061,7.08480052948844
8245,1078272074,4.730600473286828
8248,1078274425,4.68984242811835
8249,1078274436,6.610060733939626
8250,1078275091,3.7517001903986147
8252,1078277122,4.618102072099291
8253,1078277132,4.671586539892713
8254,1078277546,5.418868548149259
8255,1078277550,5.155011388424279
8256,1078277563,7.130069411320736
8257,1078277590,4.800847669505741
8258,1078277599,4.104739470055969
8260,1078277999,6.766775672005394
8261,1078278000,6.687550146374142
8262,1078278001,7.0999331559777525
8263,1078278002,6.900039130905019
8264,1078278003,6.463383635427124
8266,1078278007,4.325985032145109
8267,1078280934,6.337131326252181
8268,1078282685,5.182454375205195
8269,1078282727,5.956613400934201
8270,1078283794,6.08205964518632
8271,1078283864,6.706315835825857
8272,1078283865,5.399337246841904
8273,1078283866,6.541672496451419
8274,1078283868,6.32534226528114
8275,1078283869,7.408521470274879
8276,1078283871,8.861330859681075
8277,1078283872,6.774262008444915
8278,1078283887,6.887193801501469
8279,1078283888,7.3129613778039575
8280,1078283889,7.320012483567229
8281,1078283891,7.1319004670638675
8282,1078283892,7.009319265147167
8283,1078283893,6.658417693528731
8284,1078283894,7.581456363173778
8285,1078283895,6.939041498309612
8286,1078283896,7.366791054023817
8288,1078283945,4.630774216452141
8289,1078283999,5.1001881141522425
8291,1078284050,5.26331714924959
8293,1078284052,6.04353994775845
8294,1078284053,7.100229508596026
8295,1078284054,5.408980865807637
8296,1078284055,6.451217400365054
8297,1078284056,7.916719051264963
8298,1078284057,5.88587916154578
8299,1078284058,5.580758322945694
8300,1078284060,5.8736915982539415
8301,1078284061,6.6611982965913885
8302,1078284062,4.704290397092679
8303,1078284063,6.094417181764372
8304,1078284064,4.855782694773573
8305,1078284428,4.943329037830007
8306,1078284431,4.671586539892713
8307,1078284452,6.655570936670184
8308,1078284453,5.414977498991146
8309,1078284454,6.100147705963184
8310,1078284455,6.017877223751157
8311,1078284456,6.652760849072273
8312,1078284457,4.696795954433709
8313,1078284458,5.3468400239538685
8314,1078284460,6.0095643897578315
8315,1078284461,6.1319211686609165
8316,1078284462,7.0813761863812115
8317,1078284463,6.549691737862687
8318,1078284467,6.306125394278479
8319,1078284468,4.933840095146421
8320,1078284469,7.200567147984184
8321,1078284481,7.089455205963776
8322,1078284482,7.102146294702186
8323,1078284534,3.595397878579438
8324,1078287460,6.099876782013489
8325,1078287502,5.881682584706484
8326,1078287504,4.806057648895116
8327,1078287538,5.609228827877116
8328,1078287540,6.470273694077639
8329,1078287544,6.218844129049274
8330,1078287545,5.083288919165197
8331,1078287546,5.928387582130091
8332,1078287547,5.913363143903475
8333,1078287548,6.016864100783719
8334,1078287550,5.708741654988675
8335,1078287551,7.275943527274903
8336,1078287552,6.787509859108031
8338,1078287597,5.710228167569793
8339,1078287598,7.708189191503145
8340,1078287599,6.350538474893781
8341,1078289344,7.223142080802077
8342,1078289345,5.762526540573653
8343,1078289346,5.893000961054653
8344,1078289351,3.7725758631316157
8346,1078289865,3.847664645818984
8347,1078289872,4.550662848571475
8349,1078292086,4.295905077784216
8350,1078292493,5.854706508823753
8351,1078292495,6.739175034933727
8352,1078292600,5.269290535400499
8353,1078293116,5.643206073780139
8354,1078300956,6.143645881448794
8355,1078300957,5.953111605125063
8356,1078301254,4.62732204661223
8357,1078301271,5.771950453695808
8358,1078301272,6.254649596718094
8359,1078301273,7.477634982542199
8360,1078301274,7.43491293327355
8361,1078301276,5.3576770211560225
8362,1078301277,7.448907198013382
8363,1078301279,7.070628401023861
8364,1078301557,7.355702990169117
8365,1078301558,5.672613201035544
8366,1078301559,5.205098872452583
8367,1078301560,6.630406625289808
8368,1078301561,7.224891213583651
8369,1078301562,6.543881279147646
8370,1078301563,6.280710092862269
8371,1078301564,6.063856202992043
8373,1078303280,6.1218109781190035
8374,1078303282,6.6165489755089375
8375,1078303283,5.609160139052037
8376,1078303285,6.519637689169453
8377,1078303286,6.188820852423637
8378,1078303298,5.858463711096528
8379,1078303299,7.402710984185829
8380,1078303300,7.395141533862109
8381,1078303301,6.93288299928628
8382,1078303616,7.082545198218332
8383,1078303617,4.634912019850762
8384,1078303618,6.211387606412644
8385,1078303766,4.55783478133623
8387,1078304017,4.856902010675042
8388,1078304125,4.098471133803086
8392,1078304515,5.993752646381689
8393,1078304516,6.148057605683533
8394,1078304517,6.95152287079009
8395,1078304521,5.083239250476268
8396,1078304525,5.053704739684967
8397,1078306873,3.561112390591947
8398,1078306877,5.020365600730273
8399,1078306884,6.033451819735929
8400,1078307171,5.395149099080153
8401,1078307244,5.6007695275358635
8403,1078307285,3.4521080578715813
8404,1078307298,6.780600505646434
8405,1078309299,4.078503136995554
8406,1078309317,6.487591964359597
8407,1078309485,5.5783581525443555
8408,1078309536,5.973686346436254
8409,1078309537,4.983761329066791
8410,1078309538,6.151494829234851
8411,1078309539,4.137865552507228
8412,1078309540,5.572606167637392
8413,1078309541,6.404420322965325
8414,1078309542,6.83205301487415
8415,1078309543,4.594457693617941
8416,1078309550,5.9027379985029995
8417,1078310643,5.672245918481076
8418,1078311004,5.2352351650412485
8420,1078311050,4.8870359864287005
8425,1078311601,5.853209020320905
8428,1078315793,4.55783478133623
8429,1078316108,4.6321245375202444
8430,1078316118,4.290086074452343
8431,1078316123,5.010259772359037
8432,1078316137,4.420280890052306
8433,1078316172,4.813640733904462
8434,1078316213,4.209901137012889
8436,1078316281,4.900071425198778
8438,1078316310,4.6173334820627545
8439,1078317552,4.1565235860706835
8441,1078317555,3.9555292763916663
8443,1078317558,4.349104686249512
8444,1078317559,4.349104686249512
8445,1078317563,5.942934355504805
8446,1078317564,5.887784156285747
8447,1078317565,6.271710190120245
8448,1078317566,6.11152420568691
8449,1078317567,5.100308810134007
8452,1078317586,5.444440085380999
8453,1078317587,6.632754246509336
8454,1078317588,5.899584201004851
8455,1078317589,5.98267744693076
8456,1078317657,5.0789226268499625
8457,1078317698,5.277081079091635
8458,1078317715,5.899533078733707
8459,1078317716,6.100288744330884
8460,1078317717,5.160756232994755
8461,1078317718,6.772249680882083
8462,1078317720,5.8180892370656725
8463,1078317722,4.912261694580401
8464,1078317761,6.190066654928584
8465,1078317770,5.2352351650412485
8466,1078318038,4.9968288287226965
8467,1078318043,3.686743736429764
8469,1078318045,5.907835155450998
8470,1078318057,4.3377588515421195
8471,1078318086,5.59516740135867
8472,1078318132,5.020499278386284
8473,1078318135,5.752915294288858
8474,1078318136,7.109299280830804
8475,1078318137,7.229768257167396
8476,1078318138,6.98424958142172
8477,1078318139,6.440947249999697
8478,1078318140,6.389570088221214
8479,1078318141,6.785141303294128
8480,1078318143,6.393580356125156
8481,1078318144,6.433366892621266
8482,1078318145,7.833888614284779
8483,1078318146,6.66630371690804
8484,1078318147,7.249001466575368
8486,1078318149,7.22894601431551
8487,1078318151,6.2839947026950025
8488,1078318152,7.367420861483824
8489,1078318153,6.398804069666408
8490,1078318154,7.589368493064367
8492,1078318156,6.054550885339002
8493,1078318157,6.899998242581431
8495,1078318159,7.699140365798048
8496,1078318161,7.170110659790256
8497,1078318162,6.152330316797825
8498,1078318163,5.82924597204873
8499,1078318165,5.805328933446247
8501,1078318196,6.630134198955862
8502,1078318198,5.505523954169883
8503,1078318199,5.769311759382805
8504,1078318200,6.906810665121524
8505,1078318201,6.132696204452581
8506,1078318202,6.676774292368175
8507,1078318203,5.903541514485961
8508,1078318204,7.1954929397092116
8511,1078318208,6.357012867014125
8512,1078318210,6.8946561932350665
8513,1078318211,6.675663495877226
8514,1078318213,7.171788728009507
8515,1078318214,5.736024839449351
8516,1078318216,7.327088116129323
8517,1078318217,7.106964673631192
8518,1078318218,6.390501823323865
8519,1078318219,5.4201550775008425
8520,1078318220,7.83637330849156
8521,1078318227,6.856978700062578
8522,1078318228,7.944610710661046
8523,1078318229,7.099779880525905
8524,1078318231,5.646493608973418
8525,1078318232,6.614546617651435
8526,1078318233,7.0116116498851255
8527,1078318234,6.303847528224403
8529,1078318236,5.414262392849023
8531,1078318253,6.992037631538681
8532,1078318254,5.627113264187338
8533,1078318255,6.883359915845404
8534,1078318257,6.610202321045488
8535,1078318258,6.780025000366118
8537,1078318275,5.385233727899794
8538,1078318286,4.088983940171361
8539,1078318787,5.768756525653867
8541,1078318813,7.34684489682563
8542,1078318814,6.185507407335223
8543,1078318817,5.672335450994879
8544,1078318818,5.97279032250231
8545,1078318819,6.099915665687689
8546,1078319029,5.245724391646521
8547,1078319031,4.518744588707271
8549,1078319040,6.991312374942944
8550,1078319101,6.048198618492199
8555,1078319124,7.649836627280763
8556,1078319125,7.02334147458547
8557,1078319126,6.663409008572202
8558,1078319127,6.575629133894344
8560,1078319129,8.00328336167275
8563,1078319133,5.380328925347683
8564,1078319139,5.250954336084668
8565,1078320001,5.899887711428863
8566,1078320007,5.424685054135207
8567,1078320017,4.752773770337308
8568,1078320020,5.993979676261466
8570,1078320055,5.891592869153581
8573,1078322434,4.203655122468827
8575,1078322587,5.802822473149496
8577,1078323014,7.324032937640359
8578,1078323153,5.379379813318839
8579,1078323155,4.923794160214617
8580,1078323198,4.214942907468249
8581,1078323199,5.253760963712227
8584,1078323205,5.311237380142196
8585,1078323232,7.460696194542049
8586,1078325199,4.719195573357203
8587,1078325205,6.009463065823578
8588,1078325280,5.374066139489976
8589,1078325362,7.527525215281094
8590,1078325393,5.979666829236453
8591,1078325394,5.796025457844158
8593,1078325396,4.899974688149639
8595,1078326972,6.405144553404979
8596,1078326973,6.953010729929188
8597,1078326974,6.791402480278817
8598,1078326975,7.4070439957494125
8599,1078326976,6.960845145540442
8600,1078326977,5.822121070561573
8601,1078326978,5.490251253975139
8602,1078326980,6.900430407329073
8603,1078326981,6.411695102931806
8604,1078326982,6.6510697256382585
8605,1078326984,6.664307363583633
8606,1078326985,6.222425017820763
8607,1078326986,6.991576342296663
8608,1078326987,6.762123407734626
8609,1078326988,6.823474211105188
8610,1078326996,6.8448936592192835
8612,1078326998,7.332333482305893
8613,1078326999,5.28791055381816
8614,1078327000,6.91409615088501
8615,1078327345,5.777338510554875
8616,1078327371,6.301565094566735
8617,1078327461,5.387202535891701
8618,1078327474,3.3936855391486453
8619,1078327502,6.470224005951504
8620,1078327503,5.428566750517506
8621,1078327504,4.947708358083187
8622,1078327505,5.442393869624729
8623,1078327506,5.529213191118067
8625,1078329200,4.757358493885011
8626,1078329226,4.596796150266712
8628,1078329584,4.722339612456251
8629,1078329585,4.420129373488974
8630,1078329586,6.280080202940873
8632,1078329592,4.749088824330908
8633,1078329594,3.4221044321290295
8634,1078329904,5.094752285261287
8636,1078329911,4.763223987145745
8637,1078329914,6.630587633147017
8638,1078329916,4.884108715789724
8639,1078335726,5.986165263787877
8640,1078335728,6.03453513944468
8641,1078335729,6.833296537709481
8642,1078335730,7.340928905521098
8643,1078335732,4.900071425198778
8644,1078338095,5.234821955929789
8646,1078338105,4.218993850945354
8648,1078338112,6.290149711404218
8649,1078338113,7.321177189491478
8651,1078338115,7.3095213156516925
8653,1078338118,6.576074718770913
8654,1078338119,5.805082605305332
8655,1078338122,3.936762912438359
8656,1078338316,5.914133514877225
8658,1078338319,4.514759028304441
8659,1078338419,5.356364141554877
8660,1078338833,4.891061484235308
8661,1078338834,6.391833782037484
8662,1078339767,4.100270296465377
8664,1078339771,4.0374955962042804
8665,1078339790,5.894871245680682
8667,1078339792,6.791568166262776
8669,1078339819,8.740785805295964
8670,1078339822,6.263324621541207
8671,1078339827,6.811157427755368
8672,1078339828,5.6493590284023885
8673,1078339833,4.502829290564377
8674,1078339835,5.354004369649219
8675,1078339851,6.188188930271388
8676,1078339853,5.47719936984815
8677,1078339854,6.840570643049199
8678,1078339855,5.32831469347485
8680,1078341496,5.936506135349029
8682,1078341499,6.173305493333092
8683,1078341500,6.022459317174571
8684,1078341501,6.1064444696275695
8686,1078341548,4.354286156111061
8687,1078341910,5.9869124283408315
8704,1078342011,5.015192489809115
8705,1078342804,5.312292127760517
8706,1078342852,6.139444470072123
8707,1078342853,7.410099487053735
8708,1078342854,7.412038719053788
8710,1078342857,7.2715026502424065
8711,1078342858,7.425685067870997
8712,1078342859,7.106237800007479
8713,1078342860,6.318668578783457
8715,1078344249,4.572374660613498
8716,1078344264,4.275012443061113
8717,1078344277,5.5680595475959045
8718,1078344305,5.325109172294784
8720,1078344740,5.658894655661963
8721,1078344741,4.789391991674727
8724,1078344748,6.041158142135664
8725,1078344749,7.1333346816686065
8726,1078344805,4.783548913223246
8727,1078344851,4.785548397672901
8728,1078344862,4.607224012767639
8729,1078344864,4.694851791614406
8730,1078345053,5.78093761582474
8733,1078345057,5.973898672531174
8734,1078345058,7.657612221076426
8735,1078345059,6.917169060506732
8736,1078345060,5.158375256550272
8737,1078345067,4.971046721254835
8738,1078345068,6.0950894657287105
8739,1078345069,8.044498475909922
8740,1078345071,6.041123970275673
8742,1078345073,4.765090082719783
8743,1078345081,6.792367246588327
8744,1078345083,8.085172016902549
8745,1078345087,7.216650358543678
8747,1078345094,4.771662901919999
8753,1078345100,8.342198279758609
8754,1078345108,4.322879743763074
8756,1078348301,4.608939941313401
8757,1078348307,4.597092941126439
8758,1078348405,4.218493177675762
8760,1078348411,4.918637556416799
8761,1078348415,4.820727625411358
8762,1078348659,6.002521824837814
8763,1078350084,4.5457228230014515
8764,1078350191,6.517389134824955
8765,1078350612,6.596800269873902
8766,1078350651,5.880194747075708
8767,1078350652,6.840861110834075
8768,1078350676,5.680005948748802
8769,1078350677,5.402172777445097
8770,1078350678,3.4221044321290295
8771,1078350679,3.6710392902953117
8773,1078350694,5.953723409423514
8774,1078350704,6.064012724721125
8775,1078350720,5.255528395073952
8776,1078350735,4.234346028221724
8778,1078352661,5.293946127359364
8779,1078353202,4.563666656923248
8780,1078353207,6.236428211912709
8781,1078353257,4.372182413795222
8782,1078354171,6.463761089321792
8783,1078354217,6.323552021896596
8784,1078354219,7.826356311252439
8785,1078354238,4.721461952711371
8786,1078354280,4.603211637549294
8787,1078354299,5.855690588169146
8788,1078354303,4.3085569961325945
8789,1078354314,5.652398917234736
8790,1078354315,5.61672440303476
8791,1078354316,6.643214377665136
8792,1078354317,6.962630759936282
8793,1078354318,7.622905981121127
8794,1078354327,7.184251805128774
8795,1078354328,4.889322011768931
8796,1078354329,6.123589204641767
8797,1078354330,8.395037958846414
8798,1078354331,7.617545450307928
8799,1078354338,7.692369117506894
8800,1078354339,5.597350781464899
8801,1078354340,6.9228965195341505
8802,1078354354,7.708792562600057
8803,1078354356,5.642294664729553
8804,1078356500,7.9369640444622735
8805,1078356872,7.45807908840845
8806,1078356873,5.879713634096925
8807,1078356874,7.09786412548812
8808,1078357482,5.520805505669463
8809,1078361176,5.198675817752763
8811,1078363256,5.564986415881518
8812,1078363560,6.182704956939435
8813,1078363561,7.2514601235409515
8814,1078363562,7.6653816509508275
8815,1078363563,7.250801405365845
8816,1078363564,6.318701090864632
8817,1078363598,5.867606698791473
8818,1078363682,5.3445055444617005
8820,1078363685,3.9000153354053713
8821,1078363686,4.364486440922736
8822,1078363694,6.306142853479871
8823,1078363835,7.00966864679293
8824,1078363836,6.299393659626283
8825,1078363865,5.128834277389371
8826,1078363866,5.848826148732281
8827,1078363867,6.685376794666904
8829,1078363910,5.569328110905612
8830,1078363915,4.525131887505744
8831,1078364091,5.931297500406666
8832,1078364148,6.337311640462061
8833,1078365423,5.1734054474614215
8836,1078365609,4.433305821647107
8838,1078365626,5.106450425836087
8839,1078365627,5.087155183507019
8840,1078365628,6.216420634167385
8841,1078365669,7.321768486318016
8842,1078365675,6.782908513536693
8843,1078365680,4.674446825022796
8844,1078365927,5.959992642016517
8845,1078372305,4.128340379126933
8848,1078372947,6.098272250300381
8849,1078374981,6.796804512646429
8851,1078375269,6.276648309293241
8853,1078375636,4.967190586291444
8854,1078376309,5.0844755784625635
8855,1078376310,4.573623151500698
8856,1078376311,5.2400662603303605
8857,1078376320,6.151179262703382
8858,1078376322,5.867999792743524
8859,1078381917,7.021566280120612
8860,1078389863,4.381393368770778
8861,1078389864,5.068119321796974
8862,1078389865,4.867533324165045
8863,1078389866,6.356014973136395
8864,1078389867,5.7951486534707985
8865,1078390332,6.361308432891059
8866,1078390348,7.327911665837312
8868,1078390350,6.19937176293025
8869,1078390351,6.189125929593386
8870,1078390352,8.123935964039994
8871,1078390386,4.611778688957151
8873,1078390854,7.556491873999733
8874,1078390998,6.252341159988885
8876,1078391416,6.3641231024323615
8877,1078391417,6.8999562099708065
8878,1078407321,4.061094370883739
8879,1078413782,6.724268532348784
8880,1078414711,3.8520407635444207
8882,1078414799,5.3471455656912825
8883,1078415398,4.620196884337684
8884,1078415835,6.744548937996735
8886,1078415838,5.593163174742201
8887,1078421997,5.878580999554078
8888,1078422000,6.516152952563962
8890,1078423149,4.732726871147776
8891,1078423396,6.162872668305024
8892,1078423456,5.7354456706990025
8893,1078423457,6.632041767627984
8894,1078424223,8.005581733066876
8895,1078424396,7.223867059933484
8897,1078424416,5.550445442110845
8898,1078424448,4.807355489518665
8901,1078428747,5.103096502005943
8902,1078428764,4.822062099826121
8903,1078431213,5.447541299220685
8909,1078441382,6.857367349982924
8910,1078441477,5.940964965050343
8911,1078441478,6.149689141936473
8912,1078441479,6.632805023272069
8913,1078441480,6.858291731498573
8914,1078441481,5.771822446064059
8915,1078441482,5.821325839095592
8916,1078441483,7.792580478923027
8917,1078441484,6.3071587601566526
8918,1078441485,6.69605262492556
8919,1078441486,7.677813152989899
8922,1078441697,5.629325683242525
8923,1078441698,5.61102703790063
8924,1078441701,6.642818641135779
8925,1078441702,6.881124437188019
8926,1078441703,4.753047956950061
8927,1078441780,4.126819403533297
8944,1078442160,7.56331566429483
8964,1078448800,5.676871801217841
8965,1078448888,4.163611542176272
8966,1078450583,5.92142425399931
8967,1078450650,6.060606181175704
8968,1078450911,4.030747682310387
8969,1078451265,4.875910251948646
8970,1078451376,4.360132400549363
8971,1078451599,4.525659300859239
8972,1078451761,4.579122589715349
8973,1078451765,5.929510451211874
8974,1078457443,4.503690754868437
8975,1078457489,4.787980563458916
8977,1078457581,3.1226767712014745
8978,1078457618,5.546297705110387
8979,1078461685,4.591597320206848
8980,1078471154,5.888694024399807
8981,1078475445,5.308788163219299
8982,1078475705,5.7118483957195405
8983,1078475708,6.4632885905906345
8984,1078475736,6.0992768144696905
8985,1078475829,3.9439931188286663
8986,1078475930,6.683130301553854
8987,1078475931,7.004006222183511
8989,1078476088,6.006061448521672
8990,1078476165,4.49500675596842
8991,1078476166,6.776243118256926
8992,1078476249,5.931133136249838
8993,1078477621,4.988401138288694
8994,1078477623,5.353190426308557
8996,1078477634,5.209218059278474
9001,1078477751,5.29001042357824
9002,1078478143,4.815864030567593
9004,1078478308,7.324109155958876
9005,1078478401,4.351524761034235
9006,1078478402,4.303066355543378
9008,1078478763,4.726066775487904
9009,1078478765,4.285991202248919
9010,1078478821,5.635249661713183
9011,1078478838,5.7122012293526305
9012,1078478847,5.39991913338903
9013,1078478913,5.485682395271462
9014,1078478914,5.8911133014022194
9015,1078478915,6.16772986432697
9016,1078478916,5.955942299187424
9017,1078478917,6.100032508167857
9018,1078478918,6.496443457274548
9019,1078478922,4.859099948247294
9020,1078478960,3.557694380730408
9021,1078478993,5.353458124700334
9022,1078486277,7.134466726718978
9023,1078486278,7.4257966020638895
9024,1078486279,5.363664531147913
9025,1078486280,5.845588222523694
9026,1078486281,6.900053233365974
9027,1078486282,5.108698745698151
9028,1078486284,6.138660814278963
9029,1078486349,6.51884738439042
9030,1078486350,7.032630373352472
9032,1078486352,6.977900865772661
9033,1078486353,6.111461477466054
9034,1078486354,6.383250975163618
9035,1078486355,6.054111337328231
9036,1078486357,5.69111538684602
9037,1078486585,8.102746080494986
9038,1078486587,5.868167835900116
9039,1078486610,4.1000457264626995
9040,1078487265,5.714634810542861
9041,1078487266,6.6456516045050025
9042,1078487267,6.996995510752959
9043,1078487268,5.979532150751066
9044,1078487269,6.844829211176005
9045,1078487270,6.852752263194713
9046,1078487553,4.57009653604419
9047,1078488014,4.530526977732057
9048,1078492734,5.046895654673245
9049,1078492735,5.060609872555393
9050,1078493408,4.812300823885873
9051,1078493548,4.668101173978696
9052,1078494287,6.396749769865287
9053,1078494299,6.0557598054323005
9055,1078494921,4.5940918506025294
9056,1078495216,3.6092200961829937
9058,1078495239,3.7487619202176825
9059,1078495254,3.568502820721122
9060,1078495263,5.091413222074666
9061,1078495312,5.983793254171132
9062,1078495477,5.41042604667813
9064,1078495707,4.182575837053069
9065,1078495717,4.532650862195112
9066,1078495763,3.432278406376014
9067,1078495764,4.205197565288646
9068,1078495765,4.1066708989789635
9069,1078507218,6.672212931615591
9070,1078508636,5.6169546637123435
9071,1078514047,6.66976021173775
9072,1078514048,6.698454067685608
9073,1078514050,6.7237010981621435
9074,1078514051,6.532970861590444
9075,1078514052,5.964660940794342
9076,1078514053,7.1864462308396595
9077,1078514108,4.668101173978696
